,rs2814778,rs11184898,rs12119914,rs3917750,rs11264001,rs2759281,rs9442234,rs819971,rs814856,rs11589429,rs1325502,rs3118378,rs638854,rs2037044,rs13021399,rs1981612,rs10208358,rs690992,rs12612547,rs7420022,rs1542088,rs1246014,rs3827760,rs6754311,rs7632309,rs7611642,rs4684104,rs6777996,rs2163726,rs1553221,rs2886127,rs9852602,rs4682808,rs11712688,rs9845457,rs1513181,rs58827274,rs56012444,rs192254932,rs6830034,rs4693710,rs1596251,rs10022881,rs3846235,rs12500026,rs6856422,rs1229984,rs1369093,rs7710216,rs35397,rs395904,rs7722739,rs1808259,rs59504246,rs10070956,rs13173408,rs171122,rs6878037,rs6556352,rs62426379,rs9478439,rs13206841,rs779463,rs3935236,rs7760016,rs9484264,rs9362727,rs80292109,rs1190160,rs834793,rs7799426,rs382270,rs10236939,rs17174710,rs2041799,rs1468724,rs4720744,rs34328912,rs2867163,rs917115,rs705308,rs2001433,rs6993555,rs297559,rs4355758,rs2938223,rs13248774,rs36171721,rs4439097,rs6558406,rs7845641,rs1871534,rs1471939,rs2754310,rs9410307,rs2148359,rs4838036,rs12683637,rs59289933,rs12001088,rs1536435,rs200731794,rs1099908,rs4918158,rs10786077,rs10736865,rs1891877,rs12220449,rs313461,rs7908551,rs4745841,rs2785255,rs2147873,rs4918664,rs1365448,rs10767339,rs4936803,rs200622999,rs12283131,rs10897840,rs6485686,rs4938814,rs11223481,rs675309,rs11227699,rs2946788,rs10779145,rs2851437,ss1388107617,rs1874275,rs4483685,rs11066483,rs7134682,rs1420452,rs10841996,rs148597493,rs1503767,rs4280128,rs375230881,rs1324758,rs9570783,rs72626497,rs9556707,rs9576027,rs9526056,rs7997709,rs3784230,rs1061629,rs56952810,rs8020463,rs17760091,rs10129297,rs8013396,rs1760921,rs12903208,rs2576095,rs4074658,rs7402585,rs4545770,rs11634387,rs62030437,rs8035124,rs1800414,rs11640961,rs9673444,rs9937814,rs12232405,rs62014008,rs12446160,rs459920,rs11655822,rs11657785,rs7211740,rs609292,rs7207506,rs4514736,rs2125345,rs1483126,rs11082685,rs375764637,rs3934439,rs9949912,rs12608009,rs113757497,rs7226659,rs350836,rs6512211,rs912733,rs2873703,rs66609611,rs4809578,rs2144371,rs554362,rs113039039,rs761242,rs2824986,rs201322600,rs2300395,rs3859891,rs5749689,rs5996421,rs1288367,rs79200067,rs7554936,rs10741584,rs11034709,rs174570,rs575377,rs11224765,rs3217805,rs3809161,rs11104947,rs9522149,rs11629323,rs728404,rs12913832,rs2470102,rs513265,rs543086096,rs17822931,rs8072587,rs11652805,rs2642066,rs434124,rs4907251,rs17034666,rs1371048,rs10497191,rs7596027,rs1250233,rs6123723,rs239031,rs530357165,rs464165,rs2072053,rs17005847,rs6548616,rs570435573,rs149768401,rs12498138,rs116783706,rs546642722,rs10008492,rs28777,rs4704322,rs17599827,rs17207681,rs17451739,rs2571389,rs2442728,rs2261033,rs535319466,rs2717329,rs7799912,rs6969817,rs2920295,rs12006467,rs534029120,pop,super_pop,source
NA20517,0,1,1,1,2,0,2,0,0,0,0,1,0,0,1,1,1,1,0,0,2,0,0,2,0,0,1,0,0,2,2,0,2,0,1,0,0,0,2,1,2,2,1,1,1,2,2,0,0,1,1,0,0,0,0,2,2,1,1,1,0,1,2,1,2,2,0,1,1,1,0,0,0,2,2,0,1,0,2,1,0,0,1,0,1,0,1,0,0,1,0,0,2,1,0,0,0,0,1,2,2,1,1,2,0,2,1,0,1,2,1,1,1,0,2,2,1,1,1,1,1,1,0,2,0,1,0,2,2,0,2,1,2,0,0,1,0,1,0,1,0,2,0,0,1,2,0,2,1,1,0,2,1,0,0,2,0,1,1,1,1,0,0,1,1,0,0,1,2,1,1,2,0,2,2,1,2,1,2,1,2,1,1,2,0,1,0,1,1,0,1,0,0,0,1,0,1,1,1,0,0,2,0,2,2,2,0,2,0,0,1,0,2,1,0,1,0,2,0,0,2,2,0,0,0,0,0,2,2,1,0,2,0,0,0,2,2,0,0,0,0,0,2,2,1,0,0,1,1,1,1,0,2,1,1,1,0,0,TSI,EUR,Train
NA12006,0,0,0,0,1,0,2,0,1,0,0,1,0,1,1,0,1,1,1,0,0,2,0,1,0,0,2,1,0,1,1,1,2,1,2,0,0,1,0,1,2,0,2,1,1,1,2,0,1,2,0,0,0,0,1,0,0,0,1,1,1,2,1,1,1,0,1,1,1,1,1,1,1,1,1,0,1,0,1,1,1,1,1,1,2,0,1,1,2,1,0,0,2,1,1,1,0,0,1,0,2,2,1,0,1,2,0,0,0,2,1,0,1,1,2,1,1,2,1,0,0,1,1,2,0,2,0,2,2,0,0,2,0,1,1,1,0,0,0,0,0,2,0,1,0,2,2,2,1,2,1,1,0,0,0,2,1,1,1,0,1,1,0,1,1,0,0,2,0,1,1,0,1,2,1,1,0,2,1,1,2,1,1,1,0,0,1,0,0,0,0,2,0,1,0,0,0,1,1,1,0,0,0,1,1,2,0,2,1,1,0,1,1,0,0,2,0,2,0,0,2,2,0,0,1,0,1,2,1,0,0,2,0,0,0,1,1,0,0,0,0,0,0,2,1,0,0,1,1,2,2,0,0,1,2,1,0,0,CEU,EUR,Train
HG01515,0,1,1,0,2,0,2,0,1,1,0,1,1,1,0,0,2,2,0,1,0,0,0,1,0,0,2,1,2,2,1,1,2,1,0,0,0,1,1,1,0,2,2,0,2,2,2,0,1,1,0,0,0,1,0,0,2,2,1,1,0,0,2,2,0,2,0,0,0,0,1,0,0,1,2,1,1,0,1,1,0,1,2,2,1,0,2,0,2,1,1,0,2,2,0,1,0,0,0,1,1,1,2,1,1,1,1,0,1,0,2,0,1,1,0,1,0,1,1,1,1,0,0,2,0,1,2,2,2,0,0,0,0,1,0,2,1,0,1,0,0,0,0,1,0,2,1,0,0,1,2,0,0,0,0,2,1,2,0,0,2,1,0,1,0,0,0,2,2,2,1,2,1,1,2,0,2,1,1,1,2,1,1,0,0,1,0,0,0,0,0,2,0,0,1,1,2,0,1,0,0,2,0,1,2,2,1,2,0,1,0,0,2,1,0,0,0,2,0,0,1,2,0,1,1,0,0,2,2,1,0,2,0,0,0,0,0,0,0,0,0,0,1,1,0,0,0,1,2,0,1,1,1,0,2,0,0,1,IBS,EUR,Train
HG02069,0,2,2,2,0,1,0,2,2,2,0,1,0,2,2,1,0,0,2,2,2,2,2,2,0,1,1,0,2,1,2,2,1,2,2,0,0,2,2,2,0,0,2,1,2,0,1,0,2,0,0,1,0,0,1,2,0,0,1,2,0,2,0,0,2,0,1,1,2,0,0,0,0,2,2,2,0,2,0,1,1,0,0,0,2,1,0,2,0,1,0,0,1,2,2,2,2,2,2,1,0,2,1,2,2,2,0,2,0,0,2,2,2,2,2,2,2,0,0,2,0,2,1,1,0,1,0,2,2,0,2,0,2,0,2,0,1,2,0,0,2,1,0,2,0,2,0,2,2,0,2,0,2,2,2,2,2,1,1,2,0,2,1,2,0,0,2,1,0,0,2,0,0,1,2,2,1,2,2,0,2,0,2,1,1,2,0,0,2,0,2,2,0,2,0,0,2,1,0,2,0,1,0,2,2,0,2,2,0,0,1,0,1,2,2,0,1,2,0,1,0,2,0,1,2,2,2,2,2,2,0,2,0,0,1,0,0,0,0,0,0,0,2,0,2,0,0,0,2,1,2,0,0,2,2,0,0,0,KHV,EAS,Train
HG03969,0,1,0,1,2,0,1,1,1,1,0,0,0,1,1,2,0,1,1,0,2,1,0,2,0,0,0,0,2,2,2,1,2,1,2,0,0,1,2,0,1,2,2,0,1,0,2,0,1,0,0,1,1,1,1,1,0,2,1,1,1,1,2,0,1,1,1,1,1,1,0,1,0,2,1,1,0,2,1,0,1,1,2,0,1,0,1,1,1,0,0,0,1,2,1,2,0,0,0,0,2,2,2,0,1,0,1,1,0,1,1,2,2,1,2,1,1,2,0,2,1,1,1,1,0,1,2,2,1,0,1,2,1,2,0,0,1,2,0,1,1,1,0,1,0,2,1,1,2,0,1,0,0,0,1,2,1,2,1,1,1,1,0,0,1,0,2,2,1,0,0,2,0,2,2,1,1,2,1,1,2,1,0,2,1,1,0,2,2,0,0,2,0,0,1,0,2,1,1,0,0,0,0,1,2,0,0,0,0,0,2,0,0,1,0,0,0,0,0,1,0,2,1,0,1,1,1,2,2,1,0,2,0,0,0,2,0,0,0,0,0,0,2,0,2,0,0,1,0,1,2,0,0,2,1,2,0,0,ITU,SAS,Train
HG02023,0,2,1,2,0,2,0,1,2,2,2,0,0,2,2,2,0,0,2,2,2,1,1,2,0,0,2,0,2,0,1,2,2,2,1,2,0,2,1,2,2,1,2,0,2,1,0,1,2,1,0,1,0,0,1,2,1,0,1,2,0,2,1,1,1,0,1,2,2,0,0,0,0,2,2,2,0,1,1,2,1,0,0,0,2,0,1,1,0,1,1,0,0,2,2,2,0,1,2,0,0,2,2,2,1,1,1,2,0,0,2,2,1,2,2,2,0,2,0,2,0,2,0,2,1,1,0,2,2,0,2,0,2,0,1,1,0,2,0,1,2,1,0,2,0,1,0,2,2,0,2,0,1,0,2,1,2,2,2,1,0,2,2,2,0,0,1,2,0,0,2,0,0,1,2,2,2,2,2,0,2,0,0,0,1,1,0,0,2,1,2,1,0,1,1,1,2,1,0,1,0,1,0,2,2,0,2,1,0,0,0,0,0,1,2,0,1,2,0,1,0,2,0,1,1,1,2,2,2,1,0,2,0,0,0,0,0,0,0,0,0,0,2,1,2,0,0,0,1,1,1,0,0,1,0,0,0,0,KHV,EAS,Test
HG00637,0,1,0,1,1,0,2,1,2,1,0,0,0,0,1,2,2,2,2,0,1,1,0,2,1,0,1,1,0,2,1,2,1,2,1,0,0,1,2,2,0,1,0,0,0,0,2,0,0,2,1,0,0,1,0,1,2,2,0,2,0,1,2,0,2,0,0,0,2,1,0,0,2,0,2,1,2,0,1,1,1,1,2,1,1,0,1,0,0,1,0,0,2,1,2,0,0,0,1,1,0,2,2,1,1,0,1,0,0,2,0,1,1,1,1,1,0,1,1,1,1,2,0,2,1,2,1,1,2,0,1,0,1,1,0,0,0,2,1,1,0,0,0,0,1,2,1,0,1,0,0,0,0,0,1,2,1,1,0,0,1,1,0,1,1,1,0,1,1,2,1,1,2,1,1,1,1,0,2,0,1,2,1,1,0,2,1,0,0,0,0,0,0,0,0,2,1,1,1,1,0,1,0,1,2,1,1,2,0,0,0,0,2,0,0,0,1,2,0,1,1,1,0,0,1,0,0,2,1,0,0,1,0,0,0,0,2,0,0,0,0,0,1,2,0,1,0,1,2,1,1,0,0,1,2,0,1,0,PUR,AMR,Test
HG00122,0,1,0,1,2,0,2,0,0,0,0,0,1,1,1,1,1,0,1,0,1,1,0,1,2,0,2,0,0,1,2,2,1,2,0,1,0,1,2,1,1,1,2,2,1,1,2,0,0,2,1,0,0,1,0,2,0,1,1,1,1,1,1,0,2,1,0,0,2,2,0,1,1,1,0,0,0,0,1,0,1,1,2,1,0,1,2,0,1,1,1,0,2,2,2,1,1,0,1,0,2,2,1,1,1,1,2,1,0,0,2,2,2,1,2,2,1,1,1,2,1,2,0,1,1,1,2,2,2,0,2,2,0,1,0,1,0,1,2,0,0,1,0,2,1,2,1,2,1,1,1,1,0,0,1,2,0,2,2,2,1,0,0,0,1,1,1,1,0,0,2,2,2,1,2,1,0,1,1,0,2,0,0,1,0,1,0,1,2,0,0,1,0,0,0,0,0,1,0,1,2,2,0,2,2,1,0,0,0,0,0,0,2,0,0,2,0,2,0,1,1,2,0,1,1,0,0,2,2,0,0,2,0,0,0,2,1,0,0,0,0,0,1,2,1,0,0,0,1,0,0,0,1,1,1,0,0,0,GBR,EUR,Test
NA10847,0,1,1,0,1,0,1,0,0,0,0,1,0,0,1,0,1,0,0,0,0,0,0,1,1,0,1,1,0,1,1,2,2,1,1,0,0,0,0,1,1,2,1,2,0,2,2,0,1,2,0,1,1,0,0,1,1,2,1,1,0,1,2,1,2,0,1,0,1,2,0,0,0,2,1,1,2,0,2,0,1,1,2,0,2,0,2,0,1,1,0,0,1,1,1,0,1,0,1,1,0,1,1,1,0,2,2,0,1,0,1,1,1,0,2,2,1,0,1,2,1,1,1,1,1,1,0,2,1,1,0,0,0,0,0,1,0,2,1,0,1,1,0,0,0,2,2,0,1,1,2,1,0,0,0,2,1,2,1,1,1,0,0,0,2,1,2,1,1,0,1,2,1,2,2,1,1,1,1,1,2,1,1,0,0,2,0,1,2,0,0,0,0,1,2,1,0,0,2,1,2,2,0,1,2,2,0,2,2,1,0,0,2,0,1,1,0,2,0,0,1,2,0,1,1,0,0,0,2,0,0,2,0,0,0,0,1,0,0,0,0,0,0,2,0,0,0,0,1,2,2,0,1,1,1,1,0,0,CEU,EUR,Test
HG02597,0,2,2,0,1,0,1,1,1,1,0,1,0,0,0,1,1,1,0,0,2,0,0,1,0,0,2,1,2,2,2,0,2,1,2,1,0,0,2,2,0,1,1,0,1,1,2,0,1,0,1,0,0,0,2,2,1,0,2,1,0,1,1,2,2,0,0,1,2,1,0,0,1,2,2,1,1,1,1,1,0,1,2,1,2,0,2,1,1,0,1,0,1,2,1,0,0,0,1,0,1,2,1,0,1,1,0,1,0,2,2,2,1,1,1,1,2,1,0,1,0,1,0,2,0,2,0,2,2,0,0,1,0,1,1,2,0,1,0,1,0,2,0,2,1,2,1,1,0,1,1,1,1,0,1,2,0,2,1,0,1,0,0,0,0,1,1,1,0,0,2,1,1,1,2,2,0,1,2,1,2,2,2,1,0,2,0,0,0,0,0,2,0,2,0,0,0,2,1,0,2,2,0,2,0,0,0,2,1,1,1,0,1,2,0,0,0,1,0,1,1,2,0,1,2,0,1,2,0,0,0,2,0,0,0,0,0,0,0,0,0,0,2,0,1,0,0,0,1,1,0,0,1,0,2,1,0,0,PJL,SAS,Test
