snp,importance,continent
rs570435573,0.033969972,AFR
rs2037044,0.02750855,AFR
rs149768401,0.021438252,AFR
rs575377,0.016551718,AFR
rs1553221,0.015784461,AFR
rs6556352,0.01272289,AFR
rs10070956,0.012006979,AFR
rs4439097,0.009999156,AFR
rs6830034,0.009455827,AFR
rs513265,0.009390172,AFR
rs17599827,0.009187092,AFR
rs12903208,0.009085697,AFR
rs2717329,0.009024985,AFR
rs9949912,0.0088876635,AFR
rs834793,0.008862417,AFR
rs2873703,0.008760434,AFR
rs11184898,0.008535975,AFR
rs2576095,0.008476044,AFR
rs2001433,0.008340308,AFR
rs1542088,0.008215436,AFR
rs7722739,0.008087238,AFR
rs116783706,0.008042909,AFR
rs375230881,0.007553649,AFR
rs10779145,0.0075455112,AFR
rs11652805,0.007284277,AFR
rs1190160,0.007231935,AFR
rs4684104,0.0071631395,AFR
rs4918158,0.007111421,AFR
rs11264001,0.0070429766,AFR
rs1572018,0.006894777,AFR
rs113757497,0.0066754413,AFR
rs1426654,0.006668169,AFR
rs4693710,0.0064061754,AFR
rs9845457,0.0063554626,AFR
rs819971,0.0062644393,AFR
rs2593595,0.006252224,AFR
rs3737576,0.0060243513,AFR
rs2938223,0.006013665,AFR
rs4704322,0.0059820903,AFR
rs2144371,0.005976203,AFR
rs6558406,0.00594789,AFR
rs171122,0.0059052533,AFR
rs1871534,0.005865198,AFR
rs675309,0.005755825,AFR
rs705308,0.0054895417,AFR
rs9852602,0.005488375,AFR
rs1891877,0.0054770703,AFR
rs34328912,0.0053471276,AFR
rs7554936,0.0052904934,AFR
rs17760091,0.0052496963,AFR
rs10497191,0.005194863,AFR
rs7611642,0.0051300386,AFR
rs2759281,0.005117854,AFR
rs2470102,0.00510701,AFR
rs4355758,0.0050470745,AFR
rs609292,0.0049693184,AFR
rs3916235,0.0049662143,AFR
rs2824986,0.0049574706,AFR
rs9522149,0.00491234,AFR
rs7226659,0.0048997276,AFR
rs10236939,0.004806467,AFR
rs2920295,0.0047466676,AFR
rs4891825,0.004739528,AFR
rs4745841,0.004722747,AFR
rs11712688,0.0046891994,AFR
rs12500026,0.0046133758,AFR
rs1874275,0.0046096016,AFR
rs3859891,0.004603905,AFR
rs12608009,0.0045886664,AFR
rs10786077,0.0045260433,AFR
rs12446160,0.004369075,AFR
rs8072587,0.004353854,AFR
rs7207506,0.004326759,AFR
rs192254932,0.0043205465,AFR
rs9673444,0.004299638,AFR
rs17034666,0.004155438,AFR
rs56952810,0.004074881,AFR
rs17174710,0.0040414026,AFR
rs59504246,0.0040111854,AFR
rs7420022,0.0039920616,AFR
rs59289933,0.0039918227,AFR
rs10741584,0.003988847,AFR
rs1808259,0.00396884,AFR
rs4682808,0.0039286604,AFR
rs6512211,0.0039206254,AFR
rs200622999,0.003907645,AFR
rs735480,0.0038798188,AFR
rs13248774,0.0038591393,AFR
rs1981612,0.003815238,AFR
rs10736865,0.0037698015,AFR
rs7251928,0.0037576023,AFR
rs4280128,0.003743998,AFR
rs2300395,0.0037074068,AFR
rs7402585,0.0036692235,AFR
rs12119914,0.0036510846,AFR
rs1079597,0.0036373816,AFR
rs113039039,0.003637031,AFR
rs382270,0.003613535,AFR
rs12006467,0.0035295847,AFR
rs2571389,0.0034755478,AFR
rs4907251,0.0034632087,AFR
rs3935236,0.0034476672,AFR
rs3814134,0.0034456195,AFR
rs1468724,0.003431131,AFR
rs870347,0.0034147128,AFR
rs2867163,0.0033598884,AFR
rs2024566,0.0033315762,AFR
rs350836,0.0033206064,AFR
rs9937814,0.0033159722,AFR
rs6485686,0.0032990687,AFR
rs9576027,0.0032798243,AFR
rs7632309,0.0032739358,AFR
rs1483126,0.0032659837,AFR
rs3809161,0.0032604174,AFR
rs1365448,0.0032575377,AFR
rs12283131,0.0032397404,AFR
rs2041799,0.003222451,AFR
rs543086096,0.0032164296,AFR
rs7760016,0.0032038963,AFR
rs12220449,0.0031776158,AFR
rs798443,0.0031558108,AFR
rs3217805,0.0030727661,AFR
rs1471939,0.0030391484,AFR
rs9410307,0.003035181,AFR
rs1246014,0.003034735,AFR
rs313461,0.0030169953,AFR
rs2754310,0.0029863678,AFR
rs2946788,0.0029624503,AFR
rs7908551,0.0029384927,AFR
rs13173408,0.0029347078,AFR
rs11629323,0.0029267787,AFR
rs2886127,0.002923729,AFR
rs6548616,0.0029118224,AFR
rs3917750,0.002908291,AFR
rs7997709,0.0028959017,AFR
rs3823159,0.0028902641,AFR
rs4938814,0.0028728533,AFR
rs9526056,0.0028701404,AFR
rs535319466,0.0028693366,AFR
rs434124,0.0028558425,AFR
rs2148359,0.0028532508,AFR
rs58827274,0.0028529963,AFR
rs7657799,0.0028462529,AFR
rs2125345,0.0028407697,AFR
rs56012444,0.0028376256,AFR
rs11082685,0.0028351597,AFR
rs8035124,0.0028308106,AFR
rs2442728,0.0028277675,AFR
rs4483685,0.0028165327,AFR
rs4471745,0.0028150666,AFR
rs239031,0.0028042651,AFR
rs5749689,0.002792675,AFR
rs554362,0.0027860855,AFR
rs1061629,0.0027834063,AFR
rs260690,0.0027700732,AFR
rs395904,0.0027658665,AFR
rs310644,0.002759965,AFR
rs9442234,0.0027462824,AFR
rs7596027,0.0027297572,AFR
rs1250233,0.002720884,AFR
rs1513181,0.0027134127,AFR
rs62030437,0.0026995926,AFR
rs11034709,0.0026866235,AFR
rs6777996,0.0026858938,AFR
rs66609611,0.0026842295,AFR
rs375764637,0.0026804793,AFR
rs7211740,0.0026723247,AFR
rs72626497,0.0026698704,AFR
rs4838036,0.0026462039,AFR
rs1288367,0.0026332235,AFR
rs35397,0.0026229252,AFR
rs10897840,0.0025788222,AFR
rs200354,0.0025710666,AFR
rs3934439,0.0025691353,AFR
rs1420452,0.0025649292,AFR
rs6969817,0.002562351,AFR
rs1371048,0.0025336912,AFR
rs2785255,0.0025180448,AFR
rs728404,0.0025170846,AFR
rs148597493,0.0024993496,AFR
rs10767339,0.0024888616,AFR
rs12001088,0.0024716575,AFR
rs4411548,0.0024543316,AFR
rs11066483,0.0024541535,AFR
rs2261033,0.0024518766,AFR
rs9478439,0.0024290243,AFR
rs3118378,0.0024216843,AFR
rs917115,0.0023973582,AFR
rs1503767,0.002374302,AFR
rs1760921,0.0023712558,AFR
rs4074658,0.0023677894,AFR
rs297559,0.00233485,AFR
rs9556707,0.0023305835,AFR
rs200731794,0.0023259073,AFR
rs2642066,0.0023234577,AFR
rs11223481,0.002292026,AFR
rs2147873,0.0022718494,AFR
rs11655822,0.0022569445,AFR
rs10022881,0.002244549,AFR
rs1462906,0.002242424,AFR
rs10129297,0.0022200756,AFR
rs761242,0.0022126306,AFR
rs1099908,0.0022082285,AFR
rs1536435,0.002191801,AFR
rs5996421,0.0021661613,AFR
rs2851437,0.0021404857,AFR
rs11589429,0.0021028484,AFR
rs8013396,0.0020891947,AFR
rs7326934,0.002079927,AFR
rs4720744,0.0020700258,AFR
rs17005847,0.0020692048,AFR
rs1369093,0.0020476023,AFR
rs13206841,0.0020149776,AFR
rs7845641,0.002014278,AFR
rs7722456,0.0019621705,AFR
rs28777,0.0019434964,AFR
rs6990312,0.0019351863,AFR
rs192655,0.001917786,AFR
rs1325502,0.0019149592,AFR
